environment,attractor,state,JMJD3,IRF4,HIF1a,ERK,IRF3,TRAF2,JNK,KLF4,SOCS1,PPARG,STAT3_IL6,STAT3_IL10,SOCS3,ISGF3,NFKB,AP1,IRF1,IRF7,STAT1,STAT5,STAT4,STAT6,Other,D1,FCGR,IL6R,TLR4,IL1R,IFNAR1,TNFR,IL10R,IFNGR,A2aR,CSF2Ra,IL4Ra,IL12R,IFNG_e,GMCSF_e,IL1B_e,IgG_e,LPS_e,Adenosine_e,EGFR_e,IL4_e,IL6_e,IL10_e,IFNb_e,TNFa_e,IL12_e,IFNb_low,IFNa_out,IFNG_out,IFNb_out,CXCL10_out,IL12_out,VEGF_out,IL6_out,IL10_out,TNFa_out,label,simply_label
IFNG,1,1,1,1,0,0,0,0,0,0,0,0,0,1,1,0,0,0,0,0,0,0,0,0,0,0,0,0,0,0,0,0,1,1,0,0,0,0,1,0,0,0,0,0,0,0,0,0,0,0,0,0,0,0,0,0,0,0,0,1,0,M2c,M2c
IFNG,2,1,0,0,0,0,0,0,0,0,0,0,0,1,1,0,0,0,0,0,0,0,0,0,0,0,0,0,0,0,0,0,1,1,0,0,0,0,1,0,0,0,0,0,0,0,0,0,0,0,0,0,0,0,0,0,0,0,0,1,0,M2c,M2c
IFNG,3,1,0,0,0,0,0,0,0,0,0,0,0,1,1,1,0,0,0,1,0,0,0,0,0,0,0,0,0,0,1,0,1,1,0,0,0,0,1,0,0,0,0,0,0,0,0,0,0,0,0,0,1,0,1,0,0,0,0,1,0,M2c,M2c
IFNG,4,1,1,1,0,0,0,0,0,0,0,0,0,1,1,1,0,0,0,1,0,0,0,0,0,0,0,0,0,0,1,0,1,1,0,0,0,0,1,0,0,0,0,0,0,0,0,0,0,0,0,0,1,0,1,0,0,0,0,1,0,M2c,M2c
IFNG,5,1,1,1,0,0,0,0,0,0,1,0,0,0,1,1,0,0,0,1,1,0,1,0,0,0,0,1,0,0,1,0,0,1,0,0,0,1,1,0,0,0,0,0,0,0,0,0,0,0,0,0,1,1,1,0,1,0,1,0,0,M1,M1
IFNG,6,1,0,0,0,0,0,0,0,0,1,0,0,0,1,1,0,0,0,1,1,0,1,0,0,0,0,1,0,0,1,0,0,1,0,0,0,1,1,0,0,0,0,0,0,0,0,0,0,0,0,0,1,1,1,0,1,0,1,0,0,M1,M1
IFNG,7,1,0,0,1,0,0,0,0,0,1,0,1,0,1,1,0,0,0,1,1,0,1,0,0,0,0,1,0,0,1,0,0,1,0,0,0,1,1,0,0,0,0,0,0,0,0,0,0,0,0,0,1,1,1,0,1,0,1,0,0,M1,M1
IFNG,8,1,1,1,1,0,0,0,0,0,1,0,1,0,1,1,0,0,0,1,1,0,1,0,0,0,0,1,0,0,1,0,0,1,0,0,0,1,1,0,0,0,0,0,0,0,0,0,0,0,0,0,1,1,1,0,1,0,1,0,0,M1,M1
IFNG,9,1,1,1,0,0,0,0,0,0,0,0,0,1,1,1,0,0,0,0,0,0,0,0,0,0,0,0,0,0,0,0,1,1,0,0,0,0,1,0,0,0,0,0,0,0,0,0,0,0,0,0,1,0,1,0,0,0,0,1,0,M2c/M2c,M2c*
IFNG,9,2,1,1,0,0,0,0,0,0,0,0,0,1,1,0,0,0,0,1,0,0,0,0,0,0,0,0,0,0,1,0,1,1,0,0,0,0,1,0,0,0,0,0,0,0,0,0,0,0,0,0,0,0,0,0,0,0,0,1,0,M2c/M2c,M2c*
IFNG,10,1,0,0,0,0,0,0,0,0,0,0,0,1,1,1,0,0,0,0,0,0,0,0,0,0,0,0,0,0,0,0,1,1,0,0,0,0,1,0,0,0,0,0,0,0,0,0,0,0,0,0,1,0,1,0,0,0,0,1,0,M2c/M2c,M2c*
IFNG,10,2,0,0,0,0,0,0,0,0,0,0,0,1,1,0,0,0,0,1,0,0,0,0,0,0,0,0,0,0,1,0,1,1,0,0,0,0,1,0,0,0,0,0,0,0,0,0,0,0,0,0,0,0,0,0,0,0,0,1,0,M2c/M2c,M2c*
GMCSF,11,1,1,1,0,0,0,0,0,0,0,0,0,1,1,1,0,0,0,1,0,0,0,0,0,0,0,0,0,0,1,0,1,0,0,1,0,0,0,1,0,0,0,0,0,0,0,0,0,0,0,0,1,0,1,0,0,0,0,1,0,M2c,M2c
GMCSF,12,1,0,0,0,0,0,0,0,0,0,0,0,1,1,1,0,0,0,1,0,0,0,0,0,0,0,0,0,0,1,0,1,0,0,1,0,0,0,1,0,0,0,0,0,0,0,0,0,0,0,0,1,0,1,0,0,0,0,1,0,M2c,M2c
GMCSF,13,1,0,0,0,0,0,0,0,0,0,0,0,1,1,0,0,0,0,0,0,0,0,0,0,0,0,0,0,0,0,0,1,0,0,1,0,0,0,1,0,0,0,0,0,0,0,0,0,0,0,0,0,0,0,0,0,0,0,1,0,M2c,M2c
GMCSF,14,1,1,1,0,0,0,0,0,0,0,0,0,1,1,0,0,0,0,0,0,0,0,0,0,0,0,0,0,0,0,0,1,0,0,1,0,0,0,1,0,0,0,0,0,0,0,0,0,0,0,0,0,0,0,0,0,0,0,1,0,M2c,M2c
GMCSF,15,1,1,1,0,0,0,0,0,0,0,0,0,0,0,0,0,0,0,0,0,1,0,0,0,0,0,0,0,0,0,0,0,0,0,1,0,0,0,1,0,0,0,0,0,0,0,0,0,0,0,0,0,0,0,0,0,0,0,0,0,M0,M0
GMCSF,16,1,0,0,0,0,0,0,0,0,0,0,0,0,0,0,0,0,0,0,0,1,0,0,0,0,0,0,0,0,0,0,0,0,0,1,0,0,0,1,0,0,0,0,0,0,0,0,0,0,0,0,0,0,0,0,0,0,0,0,0,M0,M0
GMCSF,17,1,0,0,0,0,0,0,0,0,0,0,0,0,0,1,0,0,0,1,0,1,0,0,0,0,0,0,0,0,1,0,0,0,0,1,0,0,0,1,0,0,0,0,0,0,0,0,0,0,0,0,1,0,1,0,0,0,0,0,0,M0,M0
GMCSF,18,1,1,1,0,0,0,0,0,0,0,0,0,0,0,1,0,0,0,1,0,1,0,0,0,0,0,0,0,0,1,0,0,0,0,1,0,0,0,1,0,0,0,0,0,0,0,0,0,0,0,0,1,0,1,0,0,0,0,0,0,M0,M0
GMCSF,19,1,1,1,0,0,0,0,0,0,1,0,0,0,1,1,0,0,0,1,1,0,1,0,0,0,0,1,0,0,1,0,0,1,0,1,0,1,0,1,0,0,0,0,0,0,0,0,0,0,0,0,1,1,1,0,1,0,1,0,0,M1,M1
GMCSF,20,1,0,0,0,0,0,0,0,0,1,0,0,0,1,1,0,0,0,1,1,0,1,0,0,0,0,1,0,0,1,0,0,1,0,1,0,1,0,1,0,0,0,0,0,0,0,0,0,0,0,0,1,1,1,0,1,0,1,0,0,M1,M1
GMCSF,21,1,0,0,1,0,0,0,0,0,1,0,1,0,1,1,0,0,0,1,1,0,1,0,0,0,0,1,0,0,1,0,0,1,0,1,0,1,0,1,0,0,0,0,0,0,0,0,0,0,0,0,1,1,1,0,1,0,1,0,0,M1,M1
GMCSF,22,1,1,1,1,0,0,0,0,0,1,0,1,0,1,1,0,0,0,1,1,0,1,0,0,0,0,1,0,0,1,0,0,1,0,1,0,1,0,1,0,0,0,0,0,0,0,0,0,0,0,0,1,1,1,0,1,0,1,0,0,M1,M1
GMCSF,23,1,0,0,0,0,0,0,0,0,0,0,0,0,0,1,0,0,0,0,0,1,0,0,0,0,0,0,0,0,0,0,0,0,0,1,0,0,0,1,0,0,0,0,0,0,0,0,0,0,0,0,1,0,1,0,0,0,0,0,0,M0/M0,M0*
GMCSF,23,2,0,0,0,0,0,0,0,0,0,0,0,0,0,0,0,0,0,1,0,1,0,0,0,0,0,0,0,0,1,0,0,0,0,1,0,0,0,1,0,0,0,0,0,0,0,0,0,0,0,0,0,0,0,0,0,0,0,0,0,M0/M0,M0*
GMCSF,24,1,1,1,0,0,0,0,0,0,0,0,0,0,0,1,0,0,0,0,0,1,0,0,0,0,0,0,0,0,0,0,0,0,0,1,0,0,0,1,0,0,0,0,0,0,0,0,0,0,0,0,1,0,1,0,0,0,0,0,0,M0/M0,M0*
GMCSF,24,2,1,1,0,0,0,0,0,0,0,0,0,0,0,0,0,0,0,1,0,1,0,0,0,0,0,0,0,0,1,0,0,0,0,1,0,0,0,1,0,0,0,0,0,0,0,0,0,0,0,0,0,0,0,0,0,0,0,0,0,M0/M0,M0*
GMCSF,25,1,1,1,0,0,0,0,0,0,0,0,0,1,1,1,0,0,0,0,0,0,0,0,0,0,0,0,0,0,0,0,1,0,0,1,0,0,0,1,0,0,0,0,0,0,0,0,0,0,0,0,1,0,1,0,0,0,0,1,0,M2c/M2c,M2c*
GMCSF,25,2,1,1,0,0,0,0,0,0,0,0,0,1,1,0,0,0,0,1,0,0,0,0,0,0,0,0,0,0,1,0,1,0,0,1,0,0,0,1,0,0,0,0,0,0,0,0,0,0,0,0,0,0,0,0,0,0,0,1,0,M2c/M2c,M2c*
GMCSF,26,1,0,0,0,0,0,0,0,0,0,0,0,1,1,1,0,0,0,0,0,0,0,0,0,0,0,0,0,0,0,0,1,0,0,1,0,0,0,1,0,0,0,0,0,0,0,0,0,0,0,0,1,0,1,0,0,0,0,1,0,M2c/M2c,M2c*
GMCSF,26,2,0,0,0,0,0,0,0,0,0,0,0,1,1,0,0,0,0,1,0,0,0,0,0,0,0,0,0,0,1,0,1,0,0,1,0,0,0,1,0,0,0,0,0,0,0,0,0,0,0,0,0,0,0,0,0,0,0,1,0,M2c/M2c,M2c*
GMCSF,27,1,1,1,0,0,0,0,0,0,0,0,0,0,1,0,0,0,0,0,0,0,0,0,0,0,0,0,0,0,0,0,0,0,0,1,0,0,0,1,0,0,0,0,0,0,0,0,0,0,0,0,0,0,0,0,0,0,0,1,0,M2/M0/M0,M2c*
GMCSF,27,2,1,1,0,0,0,0,0,0,0,0,0,0,0,0,0,0,0,0,0,1,0,0,0,0,0,0,0,0,0,0,1,0,0,1,0,0,0,1,0,0,0,0,0,0,0,0,0,0,0,0,0,0,0,0,0,0,0,0,0,M2/M0/M0,M2c*
GMCSF,27,3,1,1,0,0,0,0,0,0,0,0,0,1,0,0,0,0,0,0,0,1,0,0,0,0,0,0,0,0,0,0,0,0,0,1,0,0,0,1,0,0,0,0,0,0,0,0,0,0,0,0,0,0,0,0,0,0,0,0,0,M2/M0/M0,M2c*
GMCSF,28,1,0,0,0,0,0,0,0,0,0,0,0,0,1,0,0,0,0,0,0,0,0,0,0,0,0,0,0,0,0,0,0,0,0,1,0,0,0,1,0,0,0,0,0,0,0,0,0,0,0,0,0,0,0,0,0,0,0,1,0,M2/M0/M0,M2c*
GMCSF,28,2,0,0,0,0,0,0,0,0,0,0,0,0,0,0,0,0,0,0,0,1,0,0,0,0,0,0,0,0,0,0,1,0,0,1,0,0,0,1,0,0,0,0,0,0,0,0,0,0,0,0,0,0,0,0,0,0,0,0,0,M2/M0/M0,M2c*
GMCSF,28,3,0,0,0,0,0,0,0,0,0,0,0,1,0,0,0,0,0,0,0,1,0,0,0,0,0,0,0,0,0,0,0,0,0,1,0,0,0,1,0,0,0,0,0,0,0,0,0,0,0,0,0,0,0,0,0,0,0,0,0,M2/M0/M0,M2c*
GMCSF,29,1,0,0,0,0,0,0,0,0,0,0,0,1,1,0,0,0,0,0,0,0,0,0,0,0,0,0,0,0,0,0,0,0,0,1,0,0,0,1,0,0,0,0,0,0,0,0,0,0,0,0,0,0,0,0,0,0,0,1,0,M2c/M2/M0,M2c*
GMCSF,29,2,0,0,0,0,0,0,0,0,0,0,0,0,1,0,0,0,0,0,0,0,0,0,0,0,0,0,0,0,0,0,1,0,0,1,0,0,0,1,0,0,0,0,0,0,0,0,0,0,0,0,0,0,0,0,0,0,0,1,0,M2c/M2/M0,M2c*
GMCSF,29,3,0,0,0,0,0,0,0,0,0,0,0,1,0,0,0,0,0,0,0,1,0,0,0,0,0,0,0,0,0,0,1,0,0,1,0,0,0,1,0,0,0,0,0,0,0,0,0,0,0,0,0,0,0,0,0,0,0,0,0,M2c/M2/M0,M2c*
GMCSF,30,1,1,1,0,0,0,0,0,0,0,0,0,1,1,0,0,0,0,0,0,0,0,0,0,0,0,0,0,0,0,0,0,0,0,1,0,0,0,1,0,0,0,0,0,0,0,0,0,0,0,0,0,0,0,0,0,0,0,1,0,M2c/M2/M0,M2c*
GMCSF,30,2,1,1,0,0,0,0,0,0,0,0,0,0,1,0,0,0,0,0,0,0,0,0,0,0,0,0,0,0,0,0,1,0,0,1,0,0,0,1,0,0,0,0,0,0,0,0,0,0,0,0,0,0,0,0,0,0,0,1,0,M2c/M2/M0,M2c*
GMCSF,30,3,1,1,0,0,0,0,0,0,0,0,0,1,0,0,0,0,0,0,0,1,0,0,0,0,0,0,0,0,0,0,1,0,0,1,0,0,0,1,0,0,0,0,0,0,0,0,0,0,0,0,0,0,0,0,0,0,0,0,0,M2c/M2/M0,M2c*
GMCSF,31,1,0,0,0,0,0,0,0,0,0,0,0,0,1,1,0,0,0,1,0,0,0,0,0,0,0,0,0,0,1,0,0,0,0,1,0,0,0,1,0,0,0,0,0,0,0,0,0,0,0,0,1,0,1,0,0,0,0,1,0,M2/M0/M0,M2c*
GMCSF,31,2,0,0,0,0,0,0,0,0,0,0,0,0,0,1,0,0,0,1,0,1,0,0,0,0,0,0,0,0,1,0,1,0,0,1,0,0,0,1,0,0,0,0,0,0,0,0,0,0,0,0,1,0,1,0,0,0,0,0,0,M2/M0/M0,M2c*
GMCSF,31,3,0,0,0,0,0,0,0,0,0,0,0,1,0,1,0,0,0,1,0,1,0,0,0,0,0,0,0,0,1,0,0,0,0,1,0,0,0,1,0,0,0,0,0,0,0,0,0,0,0,0,1,0,1,0,0,0,0,0,0,M2/M0/M0,M2c*
GMCSF,32,1,1,1,0,0,0,0,0,0,0,0,0,0,1,1,0,0,0,1,0,0,0,0,0,0,0,0,0,0,1,0,0,0,0,1,0,0,0,1,0,0,0,0,0,0,0,0,0,0,0,0,1,0,1,0,0,0,0,1,0,M2/M0/M0,M2c*
GMCSF,32,2,1,1,0,0,0,0,0,0,0,0,0,0,0,1,0,0,0,1,0,1,0,0,0,0,0,0,0,0,1,0,1,0,0,1,0,0,0,1,0,0,0,0,0,0,0,0,0,0,0,0,1,0,1,0,0,0,0,0,0,M2/M0/M0,M2c*
GMCSF,32,3,1,1,0,0,0,0,0,0,0,0,0,1,0,1,0,0,0,1,0,1,0,0,0,0,0,0,0,0,1,0,0,0,0,1,0,0,0,1,0,0,0,0,0,0,0,0,0,0,0,0,1,0,1,0,0,0,0,0,0,M2/M0/M0,M2c*
GMCSF,33,1,0,0,0,0,0,0,0,0,0,0,0,1,1,1,0,0,0,1,0,0,0,0,0,0,0,0,0,0,1,0,0,0,0,1,0,0,0,1,0,0,0,0,0,0,0,0,0,0,0,0,1,0,1,0,0,0,0,1,0,M2c/M2/M0,M2c*
GMCSF,33,2,0,0,0,0,0,0,0,0,0,0,0,0,1,1,0,0,0,1,0,0,0,0,0,0,0,0,0,0,1,0,1,0,0,1,0,0,0,1,0,0,0,0,0,0,0,0,0,0,0,0,1,0,1,0,0,0,0,1,0,M2c/M2/M0,M2c*
GMCSF,33,3,0,0,0,0,0,0,0,0,0,0,0,1,0,1,0,0,0,1,0,1,0,0,0,0,0,0,0,0,1,0,1,0,0,1,0,0,0,1,0,0,0,0,0,0,0,0,0,0,0,0,1,0,1,0,0,0,0,0,0,M2c/M2/M0,M2c*
GMCSF,34,1,1,1,0,0,0,0,0,0,0,0,0,1,1,1,0,0,0,1,0,0,0,0,0,0,0,0,0,0,1,0,0,0,0,1,0,0,0,1,0,0,0,0,0,0,0,0,0,0,0,0,1,0,1,0,0,0,0,1,0,M2c/M2/M0,M2c*
GMCSF,34,2,1,1,0,0,0,0,0,0,0,0,0,0,1,1,0,0,0,1,0,0,0,0,0,0,0,0,0,0,1,0,1,0,0,1,0,0,0,1,0,0,0,0,0,0,0,0,0,0,0,0,1,0,1,0,0,0,0,1,0,M2c/M2/M0,M2c*
GMCSF,34,3,1,1,0,0,0,0,0,0,0,0,0,1,0,1,0,0,0,1,0,1,0,0,0,0,0,0,0,0,1,0,1,0,0,1,0,0,0,1,0,0,0,0,0,0,0,0,0,0,0,0,1,0,1,0,0,0,0,0,0,M2c/M2/M0,M2c*
GMCSF,35,1,1,1,0,0,0,0,0,0,0,0,0,0,0,1,0,0,0,1,0,0,0,0,0,0,0,1,0,0,1,0,0,1,0,1,0,1,0,1,0,0,0,0,0,0,0,0,0,0,0,0,1,0,1,0,0,1,0,0,0,M2d/M0/M1,M2d-like*
GMCSF,35,2,1,1,0,0,0,0,0,0,0,0,1,0,0,1,0,0,0,1,1,1,1,0,0,0,0,0,0,0,1,0,0,0,0,1,0,0,0,1,0,0,0,0,0,0,0,0,0,0,0,0,1,0,1,0,0,0,0,0,0,M2d/M0/M1,M2d-like*
GMCSF,35,3,1,1,1,0,0,0,0,0,1,0,0,0,1,1,0,0,0,1,0,1,0,0,0,0,0,0,0,0,1,0,0,0,0,1,0,0,0,1,0,0,0,0,0,0,0,0,0,0,0,0,1,1,1,0,1,0,1,0,0,M2d/M0/M1,M2d-like*
GMCSF,36,1,0,0,0,0,0,0,0,0,0,0,0,0,0,1,0,0,0,1,0,0,0,0,0,0,0,1,0,0,1,0,0,1,0,1,0,1,0,1,0,0,0,0,0,0,0,0,0,0,0,0,1,0,1,0,0,1,0,0,0,M2d/M0/M1,M2d-like*
GMCSF,36,2,0,0,0,0,0,0,0,0,0,0,1,0,0,1,0,0,0,1,1,1,1,0,0,0,0,0,0,0,1,0,0,0,0,1,0,0,0,1,0,0,0,0,0,0,0,0,0,0,0,0,1,0,1,0,0,0,0,0,0,M2d/M0/M1,M2d-like*
GMCSF,36,3,0,0,1,0,0,0,0,0,1,0,0,0,1,1,0,0,0,1,0,1,0,0,0,0,0,0,0,0,1,0,0,0,0,1,0,0,0,1,0,0,0,0,0,0,0,0,0,0,0,0,1,1,1,0,1,0,1,0,0,M2d/M0/M1,M2d-like*
GMCSF,37,1,0,0,0,0,0,0,0,0,0,0,0,1,0,1,0,0,0,1,0,0,0,0,0,0,0,1,0,0,1,0,0,1,0,1,0,1,0,1,0,0,0,0,0,0,0,0,0,0,0,0,1,0,1,0,0,1,0,0,0,M2d/M2/M1,M2d-like*
GMCSF,37,2,0,0,0,0,0,0,0,0,0,0,1,0,1,1,0,0,0,1,1,0,1,0,0,0,0,0,0,0,1,0,0,0,0,1,0,0,0,1,0,0,0,0,0,0,0,0,0,0,0,0,1,0,1,0,0,0,0,1,0,M2d/M2/M1,M2d-like*
GMCSF,37,3,0,0,1,0,0,0,0,0,1,0,0,0,1,1,0,0,0,1,0,1,0,0,0,0,0,0,0,0,1,0,1,0,0,1,0,0,0,1,0,0,0,0,0,0,0,0,0,0,0,0,1,1,1,0,1,0,1,0,0,M2d/M2/M1,M2d-like*
GMCSF,38,1,1,1,0,0,0,0,0,0,0,0,0,1,0,1,0,0,0,1,0,0,0,0,0,0,0,1,0,0,1,0,0,1,0,1,0,1,0,1,0,0,0,0,0,0,0,0,0,0,0,0,1,0,1,0,0,1,0,0,0,M2d/M2/M1,M2d-like*
GMCSF,38,2,1,1,0,0,0,0,0,0,0,0,1,0,1,1,0,0,0,1,1,0,1,0,0,0,0,0,0,0,1,0,0,0,0,1,0,0,0,1,0,0,0,0,0,0,0,0,0,0,0,0,1,0,1,0,0,0,0,1,0,M2d/M2/M1,M2d-like*
GMCSF,38,3,1,1,1,0,0,0,0,0,1,0,0,0,1,1,0,0,0,1,0,1,0,0,0,0,0,0,0,0,1,0,1,0,0,1,0,0,0,1,0,0,0,0,0,0,0,0,0,0,0,0,1,1,1,0,1,0,1,0,0,M2d/M2/M1,M2d-like*
IFNG-GMCSF,39,1,1,1,0,0,0,0,0,0,0,0,0,1,1,0,0,0,0,0,0,0,0,0,0,0,0,0,0,0,0,0,1,1,0,1,0,0,1,1,0,0,0,0,0,0,0,0,0,0,0,0,0,0,0,0,0,0,0,1,0,M2c,M2c
IFNG-GMCSF,40,1,0,0,0,0,0,0,0,0,0,0,0,1,1,0,0,0,0,0,0,0,0,0,0,0,0,0,0,0,0,0,1,1,0,1,0,0,1,1,0,0,0,0,0,0,0,0,0,0,0,0,0,0,0,0,0,0,0,1,0,M2c,M2c
IFNG-GMCSF,41,1,0,0,0,0,0,0,0,0,0,0,0,1,1,1,0,0,0,1,0,0,0,0,0,0,0,0,0,0,1,0,1,1,0,1,0,0,1,1,0,0,0,0,0,0,0,0,0,0,0,0,1,0,1,0,0,0,0,1,0,M2c,M2c
IFNG-GMCSF,42,1,1,1,0,0,0,0,0,0,0,0,0,1,1,1,0,0,0,1,0,0,0,0,0,0,0,0,0,0,1,0,1,1,0,1,0,0,1,1,0,0,0,0,0,0,0,0,0,0,0,0,1,0,1,0,0,0,0,1,0,M2c,M2c
IFNG-GMCSF,43,1,1,1,0,0,0,0,0,0,1,0,0,0,1,1,0,0,0,1,1,0,1,0,0,0,0,1,0,0,1,0,0,1,0,1,0,1,1,1,0,0,0,0,0,0,0,0,0,0,0,0,1,1,1,0,1,0,1,0,0,M1,M1
IFNG-GMCSF,44,1,0,0,0,0,0,0,0,0,1,0,0,0,1,1,0,0,0,1,1,0,1,0,0,0,0,1,0,0,1,0,0,1,0,1,0,1,1,1,0,0,0,0,0,0,0,0,0,0,0,0,1,1,1,0,1,0,1,0,0,M1,M1
IFNG-GMCSF,45,1,0,0,1,0,0,0,0,0,1,0,1,0,1,1,0,0,0,1,1,0,1,0,0,0,0,1,0,0,1,0,0,1,0,1,0,1,1,1,0,0,0,0,0,0,0,0,0,0,0,0,1,1,1,0,1,0,1,0,0,M1,M1
IFNG-GMCSF,46,1,1,1,1,0,0,0,0,0,1,0,1,0,1,1,0,0,0,1,1,0,1,0,0,0,0,1,0,0,1,0,0,1,0,1,0,1,1,1,0,0,0,0,0,0,0,0,0,0,0,0,1,1,1,0,1,0,1,0,0,M1,M1
IFNG-GMCSF,47,1,1,1,0,0,0,0,0,0,0,0,0,1,1,1,0,0,0,0,0,0,0,0,0,0,0,0,0,0,0,0,1,1,0,1,0,0,1,1,0,0,0,0,0,0,0,0,0,0,0,0,1,0,1,0,0,0,0,1,0,M2c/M2c,M2c*
IFNG-GMCSF,47,2,1,1,0,0,0,0,0,0,0,0,0,1,1,0,0,0,0,1,0,0,0,0,0,0,0,0,0,0,1,0,1,1,0,1,0,0,1,1,0,0,0,0,0,0,0,0,0,0,0,0,0,0,0,0,0,0,0,1,0,M2c/M2c,M2c*
IFNG-GMCSF,48,1,0,0,0,0,0,0,0,0,0,0,0,1,1,1,0,0,0,0,0,0,0,0,0,0,0,0,0,0,0,0,1,1,0,1,0,0,1,1,0,0,0,0,0,0,0,0,0,0,0,0,1,0,1,0,0,0,0,1,0,M2c/M2c,M2c*
IFNG-GMCSF,48,2,0,0,0,0,0,0,0,0,0,0,0,1,1,0,0,0,0,1,0,0,0,0,0,0,0,0,0,0,1,0,1,1,0,1,0,0,1,1,0,0,0,0,0,0,0,0,0,0,0,0,0,0,0,0,0,0,0,1,0,M2c/M2c,M2c*
LPS,49,1,0,0,0,1,1,0,1,0,1,0,0,0,1,1,0,1,0,1,1,0,1,0,1,1,0,1,1,0,1,0,0,1,0,0,0,1,0,0,0,0,1,0,0,0,0,0,0,0,0,0,1,1,1,1,1,0,1,0,0,M1,M1
LPS,50,1,1,1,0,1,1,0,1,0,1,0,0,0,1,1,0,1,0,1,1,0,1,0,1,1,0,1,1,0,1,0,0,1,0,0,0,1,0,0,0,0,1,0,0,0,0,0,0,0,0,0,1,1,1,1,1,0,1,0,0,M1,M1
LPS,51,1,1,1,1,1,1,0,1,0,1,0,1,0,1,1,0,1,0,1,1,0,1,0,1,1,0,1,1,0,1,0,0,1,0,0,0,1,0,0,0,0,1,0,0,0,0,0,0,0,0,0,1,1,1,1,1,0,1,0,0,M1,M1
LPS,52,1,0,0,1,1,1,0,1,0,1,0,1,0,1,1,0,1,0,1,1,0,1,0,1,1,0,1,1,0,1,0,0,1,0,0,0,1,0,0,0,0,1,0,0,0,0,0,0,0,0,0,1,1,1,1,1,0,1,0,0,M1,M1
LPS,53,1,0,0,0,1,1,0,1,0,0,0,0,1,1,1,0,1,0,1,0,0,0,0,1,1,0,0,1,0,1,0,1,0,0,0,0,0,0,0,0,0,1,0,0,0,0,0,0,0,0,0,1,0,1,1,0,0,0,1,0,M2c,M2c
LPS,54,1,1,1,0,1,1,0,1,0,0,0,0,1,1,1,0,1,0,1,0,0,0,0,1,1,0,0,1,0,1,0,1,0,0,0,0,0,0,0,0,0,1,0,0,0,0,0,0,0,0,0,1,0,1,1,0,0,0,1,0,M2c,M2c
IFNG-LPS,55,1,0,0,0,1,1,0,1,0,1,0,0,0,1,1,0,1,0,1,1,0,1,0,1,1,0,1,1,0,1,0,0,1,0,0,0,1,1,0,0,0,1,0,0,0,0,0,0,0,0,0,1,1,1,1,1,0,1,0,0,M1,M1
IFNG-LPS,56,1,1,1,0,1,1,0,1,0,1,0,0,0,1,1,0,1,0,1,1,0,1,0,1,1,0,1,1,0,1,0,0,1,0,0,0,1,1,0,0,0,1,0,0,0,0,0,0,0,0,0,1,1,1,1,1,0,1,0,0,M1,M1
IFNG-LPS,57,1,1,1,1,1,1,0,1,0,1,0,1,0,1,1,0,1,0,1,1,0,1,0,1,1,0,1,1,0,1,0,0,1,0,0,0,1,1,0,0,0,1,0,0,0,0,0,0,0,0,0,1,1,1,1,1,0,1,0,0,M1,M1
IFNG-LPS,58,1,0,0,1,1,1,0,1,0,1,0,1,0,1,1,0,1,0,1,1,0,1,0,1,1,0,1,1,0,1,0,0,1,0,0,0,1,1,0,0,0,1,0,0,0,0,0,0,0,0,0,1,1,1,1,1,0,1,0,0,M1,M1
IFNG-LPS,59,1,0,0,0,1,1,0,1,0,0,0,0,1,1,1,0,1,0,1,0,0,0,0,1,1,0,0,1,0,1,0,1,1,0,0,0,0,1,0,0,0,1,0,0,0,0,0,0,0,0,0,1,0,1,1,0,0,0,1,0,M2c,M2c
IFNG-LPS,60,1,1,1,0,1,1,0,1,0,0,0,0,1,1,1,0,1,0,1,0,0,0,0,1,1,0,0,1,0,1,0,1,1,0,0,0,0,1,0,0,0,1,0,0,0,0,0,0,0,0,0,1,0,1,1,0,0,0,1,0,M2c,M2c
GMCSF-LPS,61,1,0,0,0,1,1,0,1,0,1,0,0,0,1,1,0,1,0,1,1,0,1,0,1,1,0,1,1,0,1,0,0,1,0,1,0,1,0,1,0,0,1,0,0,0,0,0,0,0,0,0,1,1,1,1,1,0,1,0,0,M1,M1
GMCSF-LPS,62,1,1,1,0,1,1,0,1,0,1,0,0,0,1,1,0,1,0,1,1,0,1,0,1,1,0,1,1,0,1,0,0,1,0,1,0,1,0,1,0,0,1,0,0,0,0,0,0,0,0,0,1,1,1,1,1,0,1,0,0,M1,M1
GMCSF-LPS,63,1,1,1,1,1,1,0,1,0,1,0,1,0,1,1,0,1,0,1,1,0,1,0,1,1,0,1,1,0,1,0,0,1,0,1,0,1,0,1,0,0,1,0,0,0,0,0,0,0,0,0,1,1,1,1,1,0,1,0,0,M1,M1
GMCSF-LPS,64,1,0,0,1,1,1,0,1,0,1,0,1,0,1,1,0,1,0,1,1,0,1,0,1,1,0,1,1,0,1,0,0,1,0,1,0,1,0,1,0,0,1,0,0,0,0,0,0,0,0,0,1,1,1,1,1,0,1,0,0,M1,M1
GMCSF-LPS,65,1,0,0,0,1,1,0,1,0,0,0,0,1,1,1,0,1,0,1,0,0,0,0,1,1,0,0,1,0,1,0,1,0,0,1,0,0,0,1,0,0,1,0,0,0,0,0,0,0,0,0,1,0,1,1,0,0,0,1,0,M2c,M2c
GMCSF-LPS,66,1,1,1,0,1,1,0,1,0,0,0,0,1,1,1,0,1,0,1,0,0,0,0,1,1,0,0,1,0,1,0,1,0,0,1,0,0,0,1,0,0,1,0,0,0,0,0,0,0,0,0,1,0,1,1,0,0,0,1,0,M2c,M2c
IFNG-GMCSF-LPS,67,1,0,0,0,1,1,0,1,0,1,0,0,0,1,1,0,1,0,1,1,0,1,0,1,1,0,1,1,0,1,0,0,1,0,1,0,1,1,1,0,0,1,0,0,0,0,0,0,0,0,0,1,1,1,1,1,0,1,0,0,M1,M1
IFNG-GMCSF-LPS,68,1,1,1,0,1,1,0,1,0,1,0,0,0,1,1,0,1,0,1,1,0,1,0,1,1,0,1,1,0,1,0,0,1,0,1,0,1,1,1,0,0,1,0,0,0,0,0,0,0,0,0,1,1,1,1,1,0,1,0,0,M1,M1
IFNG-GMCSF-LPS,69,1,1,1,1,1,1,0,1,0,1,0,1,0,1,1,0,1,0,1,1,0,1,0,1,1,0,1,1,0,1,0,0,1,0,1,0,1,1,1,0,0,1,0,0,0,0,0,0,0,0,0,1,1,1,1,1,0,1,0,0,M1,M1
IFNG-GMCSF-LPS,70,1,0,0,1,1,1,0,1,0,1,0,1,0,1,1,0,1,0,1,1,0,1,0,1,1,0,1,1,0,1,0,0,1,0,1,0,1,1,1,0,0,1,0,0,0,0,0,0,0,0,0,1,1,1,1,1,0,1,0,0,M1,M1
IFNG-GMCSF-LPS,71,1,0,0,0,1,1,0,1,0,0,0,0,1,1,1,0,1,0,1,0,0,0,0,1,1,0,0,1,0,1,0,1,1,0,1,0,0,1,1,0,0,1,0,0,0,0,0,0,0,0,0,1,0,1,1,0,0,0,1,0,M2c,M2c
IFNG-GMCSF-LPS,72,1,1,1,0,1,1,0,1,0,0,0,0,1,1,1,0,1,0,1,0,0,0,0,1,1,0,0,1,0,1,0,1,1,0,1,0,0,1,1,0,0,1,0,0,0,0,0,0,0,0,0,1,0,1,1,0,0,0,1,0,M2c,M2c
TNFa,73,1,0,0,1,0,0,1,1,0,1,0,1,0,1,1,0,1,1,1,1,0,1,0,0,1,0,1,0,0,1,1,0,1,0,0,0,1,0,0,0,0,0,0,0,0,0,0,0,1,0,0,1,1,1,0,1,0,1,0,0,M1,M1
TNFa,74,1,0,0,0,0,0,1,1,0,1,0,0,0,1,1,0,1,1,1,1,0,1,0,0,1,0,1,0,0,1,1,0,1,0,0,0,1,0,0,0,0,0,0,0,0,0,0,0,1,0,0,1,1,1,0,1,0,1,0,0,M1,M1
TNFa,75,1,0,0,0,0,0,1,1,0,0,0,0,1,1,1,0,1,1,1,0,0,0,0,0,1,0,0,0,0,1,1,1,0,0,0,0,0,0,0,0,0,0,0,0,0,0,0,0,1,0,0,1,0,1,0,0,0,0,1,0,M2c,M2c
TNFa,76,1,0,0,0,0,0,1,1,0,0,0,0,1,1,0,0,1,1,0,0,0,0,0,0,1,0,0,0,0,0,1,1,0,0,0,0,0,0,0,0,0,0,0,0,0,0,0,0,1,0,0,0,0,0,0,0,0,0,1,0,M2c,M2c
TNFa,77,1,1,1,0,0,0,1,1,0,0,0,0,1,1,0,0,1,1,0,0,0,0,0,0,1,0,0,0,0,0,1,1,0,0,0,0,0,0,0,0,0,0,0,0,0,0,0,0,1,0,0,0,0,0,0,0,0,0,1,0,M2c,M2c
TNFa,78,1,1,1,0,0,0,1,1,0,0,0,0,1,1,1,0,1,1,1,0,0,0,0,0,1,0,0,0,0,1,1,1,0,0,0,0,0,0,0,0,0,0,0,0,0,0,0,0,1,0,0,1,0,1,0,0,0,0,1,0,M2c,M2c
TNFa,79,1,1,1,0,0,0,1,1,0,1,0,0,0,1,1,0,1,1,1,1,0,1,0,0,1,0,1,0,0,1,1,0,1,0,0,0,1,0,0,0,0,0,0,0,0,0,0,0,1,0,0,1,1,1,0,1,0,1,0,0,M1,M1
TNFa,80,1,1,1,1,0,0,1,1,0,1,0,1,0,1,1,0,1,1,1,1,0,1,0,0,1,0,1,0,0,1,1,0,1,0,0,0,1,0,0,0,0,0,0,0,0,0,0,0,1,0,0,1,1,1,0,1,0,1,0,0,M1,M1
TNFa,81,1,0,0,0,0,0,1,1,0,0,0,0,1,1,1,0,1,1,0,0,0,0,0,0,1,0,0,0,0,0,1,1,0,0,0,0,0,0,0,0,0,0,0,0,0,0,0,0,1,0,0,1,0,1,0,0,0,0,1,0,M2c/M2c,M2c*
TNFa,81,2,0,0,0,0,0,1,1,0,0,0,0,1,1,0,0,1,1,1,0,0,0,0,0,1,0,0,0,0,1,1,1,0,0,0,0,0,0,0,0,0,0,0,0,0,0,0,0,1,0,0,0,0,0,0,0,0,0,1,0,M2c/M2c,M2c*
TNFa,82,1,1,1,0,0,0,1,1,0,0,0,0,1,1,1,0,1,1,0,0,0,0,0,0,1,0,0,0,0,0,1,1,0,0,0,0,0,0,0,0,0,0,0,0,0,0,0,0,1,0,0,1,0,1,0,0,0,0,1,0,M2c/M2c,M2c*
TNFa,82,2,1,1,0,0,0,1,1,0,0,0,0,1,1,0,0,1,1,1,0,0,0,0,0,1,0,0,0,0,1,1,1,0,0,0,0,0,0,0,0,0,0,0,0,0,0,0,0,1,0,0,0,0,0,0,0,0,0,1,0,M2c/M2c,M2c*
IFNG-TNFa,83,1,0,0,1,0,0,1,1,0,1,0,1,0,1,1,0,1,1,1,1,0,1,0,0,1,0,1,0,0,1,1,0,1,0,0,0,1,1,0,0,0,0,0,0,0,0,0,0,1,0,0,1,1,1,0,1,0,1,0,0,M1,M1
IFNG-TNFa,84,1,0,0,0,0,0,1,1,0,1,0,0,0,1,1,0,1,1,1,1,0,1,0,0,1,0,1,0,0,1,1,0,1,0,0,0,1,1,0,0,0,0,0,0,0,0,0,0,1,0,0,1,1,1,0,1,0,1,0,0,M1,M1
IFNG-TNFa,85,1,0,0,0,0,0,1,1,0,0,0,0,1,1,1,0,1,1,1,0,0,0,0,0,1,0,0,0,0,1,1,1,1,0,0,0,0,1,0,0,0,0,0,0,0,0,0,0,1,0,0,1,0,1,0,0,0,0,1,0,M2c,M2c
IFNG-TNFa,86,1,0,0,0,0,0,1,1,0,0,0,0,1,1,0,0,1,1,0,0,0,0,0,0,1,0,0,0,0,0,1,1,1,0,0,0,0,1,0,0,0,0,0,0,0,0,0,0,1,0,0,0,0,0,0,0,0,0,1,0,M2c,M2c
IFNG-TNFa,87,1,1,1,0,0,0,1,1,0,0,0,0,1,1,0,0,1,1,0,0,0,0,0,0,1,0,0,0,0,0,1,1,1,0,0,0,0,1,0,0,0,0,0,0,0,0,0,0,1,0,0,0,0,0,0,0,0,0,1,0,M2c,M2c
IFNG-TNFa,88,1,1,1,0,0,0,1,1,0,0,0,0,1,1,1,0,1,1,1,0,0,0,0,0,1,0,0,0,0,1,1,1,1,0,0,0,0,1,0,0,0,0,0,0,0,0,0,0,1,0,0,1,0,1,0,0,0,0,1,0,M2c,M2c
IFNG-TNFa,89,1,1,1,0,0,0,1,1,0,1,0,0,0,1,1,0,1,1,1,1,0,1,0,0,1,0,1,0,0,1,1,0,1,0,0,0,1,1,0,0,0,0,0,0,0,0,0,0,1,0,0,1,1,1,0,1,0,1,0,0,M1,M1
IFNG-TNFa,90,1,1,1,1,0,0,1,1,0,1,0,1,0,1,1,0,1,1,1,1,0,1,0,0,1,0,1,0,0,1,1,0,1,0,0,0,1,1,0,0,0,0,0,0,0,0,0,0,1,0,0,1,1,1,0,1,0,1,0,0,M1,M1
IFNG-TNFa,91,1,0,0,0,0,0,1,1,0,0,0,0,1,1,1,0,1,1,0,0,0,0,0,0,1,0,0,0,0,0,1,1,1,0,0,0,0,1,0,0,0,0,0,0,0,0,0,0,1,0,0,1,0,1,0,0,0,0,1,0,M2c/M2c,M2c*
IFNG-TNFa,91,2,0,0,0,0,0,1,1,0,0,0,0,1,1,0,0,1,1,1,0,0,0,0,0,1,0,0,0,0,1,1,1,1,0,0,0,0,1,0,0,0,0,0,0,0,0,0,0,1,0,0,0,0,0,0,0,0,0,1,0,M2c/M2c,M2c*
IFNG-TNFa,92,1,1,1,0,0,0,1,1,0,0,0,0,1,1,1,0,1,1,0,0,0,0,0,0,1,0,0,0,0,0,1,1,1,0,0,0,0,1,0,0,0,0,0,0,0,0,0,0,1,0,0,1,0,1,0,0,0,0,1,0,M2c/M2c,M2c*
IFNG-TNFa,92,2,1,1,0,0,0,1,1,0,0,0,0,1,1,0,0,1,1,1,0,0,0,0,0,1,0,0,0,0,1,1,1,1,0,0,0,0,1,0,0,0,0,0,0,0,0,0,0,1,0,0,0,0,0,0,0,0,0,1,0,M2c/M2c,M2c*
GMCSF-TNFa,93,1,0,0,1,0,0,1,1,0,1,0,1,0,1,1,0,1,1,1,1,0,1,0,0,1,0,1,0,0,1,1,0,1,0,1,0,1,0,1,0,0,0,0,0,0,0,0,0,1,0,0,1,1,1,0,1,0,1,0,0,M1,M1
GMCSF-TNFa,94,1,0,0,0,0,0,1,1,0,1,0,0,0,1,1,0,1,1,1,1,0,1,0,0,1,0,1,0,0,1,1,0,1,0,1,0,1,0,1,0,0,0,0,0,0,0,0,0,1,0,0,1,1,1,0,1,0,1,0,0,M1,M1
GMCSF-TNFa,95,1,0,0,0,0,0,1,1,0,0,0,0,1,1,1,0,1,1,1,0,0,0,0,0,1,0,0,0,0,1,1,1,0,0,1,0,0,0,1,0,0,0,0,0,0,0,0,0,1,0,0,1,0,1,0,0,0,0,1,0,M2c,M2c
GMCSF-TNFa,96,1,0,0,0,0,0,1,1,0,0,0,0,1,1,0,0,1,1,0,0,0,0,0,0,1,0,0,0,0,0,1,1,0,0,1,0,0,0,1,0,0,0,0,0,0,0,0,0,1,0,0,0,0,0,0,0,0,0,1,0,M2c,M2c
GMCSF-TNFa,97,1,1,1,0,0,0,1,1,0,0,0,0,1,1,0,0,1,1,0,0,0,0,0,0,1,0,0,0,0,0,1,1,0,0,1,0,0,0,1,0,0,0,0,0,0,0,0,0,1,0,0,0,0,0,0,0,0,0,1,0,M2c,M2c
GMCSF-TNFa,98,1,1,1,0,0,0,1,1,0,0,0,0,1,1,1,0,1,1,1,0,0,0,0,0,1,0,0,0,0,1,1,1,0,0,1,0,0,0,1,0,0,0,0,0,0,0,0,0,1,0,0,1,0,1,0,0,0,0,1,0,M2c,M2c
GMCSF-TNFa,99,1,1,1,0,0,0,1,1,0,1,0,0,0,1,1,0,1,1,1,1,0,1,0,0,1,0,1,0,0,1,1,0,1,0,1,0,1,0,1,0,0,0,0,0,0,0,0,0,1,0,0,1,1,1,0,1,0,1,0,0,M1,M1
GMCSF-TNFa,100,1,1,1,1,0,0,1,1,0,1,0,1,0,1,1,0,1,1,1,1,0,1,0,0,1,0,1,0,0,1,1,0,1,0,1,0,1,0,1,0,0,0,0,0,0,0,0,0,1,0,0,1,1,1,0,1,0,1,0,0,M1,M1
GMCSF-TNFa,101,1,0,0,0,0,0,1,1,0,0,0,0,1,1,1,0,1,1,0,0,0,0,0,0,1,0,0,0,0,0,1,1,0,0,1,0,0,0,1,0,0,0,0,0,0,0,0,0,1,0,0,1,0,1,0,0,0,0,1,0,M2c/M2c,M2c*
GMCSF-TNFa,101,2,0,0,0,0,0,1,1,0,0,0,0,1,1,0,0,1,1,1,0,0,0,0,0,1,0,0,0,0,1,1,1,0,0,1,0,0,0,1,0,0,0,0,0,0,0,0,0,1,0,0,0,0,0,0,0,0,0,1,0,M2c/M2c,M2c*
GMCSF-TNFa,102,1,1,1,0,0,0,1,1,0,0,0,0,1,1,1,0,1,1,0,0,0,0,0,0,1,0,0,0,0,0,1,1,0,0,1,0,0,0,1,0,0,0,0,0,0,0,0,0,1,0,0,1,0,1,0,0,0,0,1,0,M2c/M2c,M2c*
GMCSF-TNFa,102,2,1,1,0,0,0,1,1,0,0,0,0,1,1,0,0,1,1,1,0,0,0,0,0,1,0,0,0,0,1,1,1,0,0,1,0,0,0,1,0,0,0,0,0,0,0,0,0,1,0,0,0,0,0,0,0,0,0,1,0,M2c/M2c,M2c*
IFNG-GMCSF-TNFa,103,1,0,0,1,0,0,1,1,0,1,0,1,0,1,1,0,1,1,1,1,0,1,0,0,1,0,1,0,0,1,1,0,1,0,1,0,1,1,1,0,0,0,0,0,0,0,0,0,1,0,0,1,1,1,0,1,0,1,0,0,M1,M1
IFNG-GMCSF-TNFa,104,1,0,0,0,0,0,1,1,0,1,0,0,0,1,1,0,1,1,1,1,0,1,0,0,1,0,1,0,0,1,1,0,1,0,1,0,1,1,1,0,0,0,0,0,0,0,0,0,1,0,0,1,1,1,0,1,0,1,0,0,M1,M1
IFNG-GMCSF-TNFa,105,1,0,0,0,0,0,1,1,0,0,0,0,1,1,1,0,1,1,1,0,0,0,0,0,1,0,0,0,0,1,1,1,1,0,1,0,0,1,1,0,0,0,0,0,0,0,0,0,1,0,0,1,0,1,0,0,0,0,1,0,M2c,M2c
IFNG-GMCSF-TNFa,106,1,0,0,0,0,0,1,1,0,0,0,0,1,1,0,0,1,1,0,0,0,0,0,0,1,0,0,0,0,0,1,1,1,0,1,0,0,1,1,0,0,0,0,0,0,0,0,0,1,0,0,0,0,0,0,0,0,0,1,0,M2c,M2c
IFNG-GMCSF-TNFa,107,1,1,1,0,0,0,1,1,0,0,0,0,1,1,0,0,1,1,0,0,0,0,0,0,1,0,0,0,0,0,1,1,1,0,1,0,0,1,1,0,0,0,0,0,0,0,0,0,1,0,0,0,0,0,0,0,0,0,1,0,M2c,M2c
IFNG-GMCSF-TNFa,108,1,1,1,0,0,0,1,1,0,0,0,0,1,1,1,0,1,1,1,0,0,0,0,0,1,0,0,0,0,1,1,1,1,0,1,0,0,1,1,0,0,0,0,0,0,0,0,0,1,0,0,1,0,1,0,0,0,0,1,0,M2c,M2c
IFNG-GMCSF-TNFa,109,1,1,1,0,0,0,1,1,0,1,0,0,0,1,1,0,1,1,1,1,0,1,0,0,1,0,1,0,0,1,1,0,1,0,1,0,1,1,1,0,0,0,0,0,0,0,0,0,1,0,0,1,1,1,0,1,0,1,0,0,M1,M1
IFNG-GMCSF-TNFa,110,1,1,1,1,0,0,1,1,0,1,0,1,0,1,1,0,1,1,1,1,0,1,0,0,1,0,1,0,0,1,1,0,1,0,1,0,1,1,1,0,0,0,0,0,0,0,0,0,1,0,0,1,1,1,0,1,0,1,0,0,M1,M1
IFNG-GMCSF-TNFa,111,1,0,0,0,0,0,1,1,0,0,0,0,1,1,1,0,1,1,0,0,0,0,0,0,1,0,0,0,0,0,1,1,1,0,1,0,0,1,1,0,0,0,0,0,0,0,0,0,1,0,0,1,0,1,0,0,0,0,1,0,M2c/M2c,M2c*
IFNG-GMCSF-TNFa,111,2,0,0,0,0,0,1,1,0,0,0,0,1,1,0,0,1,1,1,0,0,0,0,0,1,0,0,0,0,1,1,1,1,0,1,0,0,1,1,0,0,0,0,0,0,0,0,0,1,0,0,0,0,0,0,0,0,0,1,0,M2c/M2c,M2c*
IFNG-GMCSF-TNFa,112,1,1,1,0,0,0,1,1,0,0,0,0,1,1,1,0,1,1,0,0,0,0,0,0,1,0,0,0,0,0,1,1,1,0,1,0,0,1,1,0,0,0,0,0,0,0,0,0,1,0,0,1,0,1,0,0,0,0,1,0,M2c/M2c,M2c*
IFNG-GMCSF-TNFa,112,2,1,1,0,0,0,1,1,0,0,0,0,1,1,0,0,1,1,1,0,0,0,0,0,1,0,0,0,0,1,1,1,1,0,1,0,0,1,1,0,0,0,0,0,0,0,0,0,1,0,0,0,0,0,0,0,0,0,1,0,M2c/M2c,M2c*
LPS-TNFa,113,1,0,0,1,1,1,1,1,0,1,0,1,0,1,1,0,1,1,1,1,0,1,0,1,1,0,1,1,0,1,1,0,1,0,0,0,1,0,0,0,0,1,0,0,0,0,0,0,1,0,0,1,1,1,1,1,0,1,0,0,M1,M1
LPS-TNFa,114,1,0,0,0,1,1,1,1,0,1,0,0,0,1,1,0,1,1,1,1,0,1,0,1,1,0,1,1,0,1,1,0,1,0,0,0,1,0,0,0,0,1,0,0,0,0,0,0,1,0,0,1,1,1,1,1,0,1,0,0,M1,M1
LPS-TNFa,115,1,1,1,0,1,1,1,1,0,1,0,0,0,1,1,0,1,1,1,1,0,1,0,1,1,0,1,1,0,1,1,0,1,0,0,0,1,0,0,0,0,1,0,0,0,0,0,0,1,0,0,1,1,1,1,1,0,1,0,0,M1,M1
LPS-TNFa,116,1,1,1,1,1,1,1,1,0,1,0,1,0,1,1,0,1,1,1,1,0,1,0,1,1,0,1,1,0,1,1,0,1,0,0,0,1,0,0,0,0,1,0,0,0,0,0,0,1,0,0,1,1,1,1,1,0,1,0,0,M1,M1
LPS-TNFa,117,1,0,0,0,1,1,1,1,0,0,0,0,1,1,1,0,1,1,1,0,0,0,0,1,1,0,0,1,0,1,1,1,0,0,0,0,0,0,0,0,0,1,0,0,0,0,0,0,1,0,0,1,0,1,1,0,0,0,1,0,M2c,M2c
LPS-TNFa,118,1,1,1,0,1,1,1,1,0,0,0,0,1,1,1,0,1,1,1,0,0,0,0,1,1,0,0,1,0,1,1,1,0,0,0,0,0,0,0,0,0,1,0,0,0,0,0,0,1,0,0,1,0,1,1,0,0,0,1,0,M2c,M2c
IFNG-LPS-TNFa,119,1,0,0,1,1,1,1,1,0,1,0,1,0,1,1,0,1,1,1,1,0,1,0,1,1,0,1,1,0,1,1,0,1,0,0,0,1,1,0,0,0,1,0,0,0,0,0,0,1,0,0,1,1,1,1,1,0,1,0,0,M1,M1
IFNG-LPS-TNFa,120,1,0,0,0,1,1,1,1,0,1,0,0,0,1,1,0,1,1,1,1,0,1,0,1,1,0,1,1,0,1,1,0,1,0,0,0,1,1,0,0,0,1,0,0,0,0,0,0,1,0,0,1,1,1,1,1,0,1,0,0,M1,M1
IFNG-LPS-TNFa,121,1,1,1,0,1,1,1,1,0,1,0,0,0,1,1,0,1,1,1,1,0,1,0,1,1,0,1,1,0,1,1,0,1,0,0,0,1,1,0,0,0,1,0,0,0,0,0,0,1,0,0,1,1,1,1,1,0,1,0,0,M1,M1
IFNG-LPS-TNFa,122,1,1,1,1,1,1,1,1,0,1,0,1,0,1,1,0,1,1,1,1,0,1,0,1,1,0,1,1,0,1,1,0,1,0,0,0,1,1,0,0,0,1,0,0,0,0,0,0,1,0,0,1,1,1,1,1,0,1,0,0,M1,M1
IFNG-LPS-TNFa,123,1,0,0,0,1,1,1,1,0,0,0,0,1,1,1,0,1,1,1,0,0,0,0,1,1,0,0,1,0,1,1,1,1,0,0,0,0,1,0,0,0,1,0,0,0,0,0,0,1,0,0,1,0,1,1,0,0,0,1,0,M2c,M2c
IFNG-LPS-TNFa,124,1,1,1,0,1,1,1,1,0,0,0,0,1,1,1,0,1,1,1,0,0,0,0,1,1,0,0,1,0,1,1,1,1,0,0,0,0,1,0,0,0,1,0,0,0,0,0,0,1,0,0,1,0,1,1,0,0,0,1,0,M2c,M2c
GMCSF-LPS-TNFa,125,1,0,0,1,1,1,1,1,0,1,0,1,0,1,1,0,1,1,1,1,0,1,0,1,1,0,1,1,0,1,1,0,1,0,1,0,1,0,1,0,0,1,0,0,0,0,0,0,1,0,0,1,1,1,1,1,0,1,0,0,M1,M1
GMCSF-LPS-TNFa,126,1,0,0,0,1,1,1,1,0,1,0,0,0,1,1,0,1,1,1,1,0,1,0,1,1,0,1,1,0,1,1,0,1,0,1,0,1,0,1,0,0,1,0,0,0,0,0,0,1,0,0,1,1,1,1,1,0,1,0,0,M1,M1
GMCSF-LPS-TNFa,127,1,1,1,0,1,1,1,1,0,1,0,0,0,1,1,0,1,1,1,1,0,1,0,1,1,0,1,1,0,1,1,0,1,0,1,0,1,0,1,0,0,1,0,0,0,0,0,0,1,0,0,1,1,1,1,1,0,1,0,0,M1,M1
GMCSF-LPS-TNFa,128,1,1,1,1,1,1,1,1,0,1,0,1,0,1,1,0,1,1,1,1,0,1,0,1,1,0,1,1,0,1,1,0,1,0,1,0,1,0,1,0,0,1,0,0,0,0,0,0,1,0,0,1,1,1,1,1,0,1,0,0,M1,M1
GMCSF-LPS-TNFa,129,1,0,0,0,1,1,1,1,0,0,0,0,1,1,1,0,1,1,1,0,0,0,0,1,1,0,0,1,0,1,1,1,0,0,1,0,0,0,1,0,0,1,0,0,0,0,0,0,1,0,0,1,0,1,1,0,0,0,1,0,M2c,M2c
GMCSF-LPS-TNFa,130,1,1,1,0,1,1,1,1,0,0,0,0,1,1,1,0,1,1,1,0,0,0,0,1,1,0,0,1,0,1,1,1,0,0,1,0,0,0,1,0,0,1,0,0,0,0,0,0,1,0,0,1,0,1,1,0,0,0,1,0,M2c,M2c
IFNG-GMCSF-LPS-TNFa,131,1,0,0,0,1,1,1,1,0,1,0,0,0,1,1,0,1,1,1,1,0,1,0,1,1,0,1,1,0,1,1,0,1,0,1,0,1,1,1,0,0,1,0,0,0,0,0,0,1,0,0,1,1,1,1,1,0,1,0,0,M1,M1
IFNG-GMCSF-LPS-TNFa,132,1,0,0,1,1,1,1,1,0,1,0,1,0,1,1,0,1,1,1,1,0,1,0,1,1,0,1,1,0,1,1,0,1,0,1,0,1,1,1,0,0,1,0,0,0,0,0,0,1,0,0,1,1,1,1,1,0,1,0,0,M1,M1
IFNG-GMCSF-LPS-TNFa,133,1,1,1,0,1,1,1,1,0,1,0,0,0,1,1,0,1,1,1,1,0,1,0,1,1,0,1,1,0,1,1,0,1,0,1,0,1,1,1,0,0,1,0,0,0,0,0,0,1,0,0,1,1,1,1,1,0,1,0,0,M1,M1
IFNG-GMCSF-LPS-TNFa,134,1,1,1,1,1,1,1,1,0,1,0,1,0,1,1,0,1,1,1,1,0,1,0,1,1,0,1,1,0,1,1,0,1,0,1,0,1,1,1,0,0,1,0,0,0,0,0,0,1,0,0,1,1,1,1,1,0,1,0,0,M1,M1
IFNG-GMCSF-LPS-TNFa,135,1,0,0,0,1,1,1,1,0,0,0,0,1,1,1,0,1,1,1,0,0,0,0,1,1,0,0,1,0,1,1,1,1,0,1,0,0,1,1,0,0,1,0,0,0,0,0,0,1,0,0,1,0,1,1,0,0,0,1,0,M2c,M2c
IFNG-GMCSF-LPS-TNFa,136,1,1,1,0,1,1,1,1,0,0,0,0,1,1,1,0,1,1,1,0,0,0,0,1,1,0,0,1,0,1,1,1,1,0,1,0,0,1,1,0,0,1,0,0,0,0,0,0,1,0,0,1,0,1,1,0,0,0,1,0,M2c,M2c
